p_id_old,p_id_new,species_display,species_p_id,gene_old,gene_new,display_label,split,p_id_matrix
arabidopsis-GRP7,A_thaliana-Grp7,A. thaliana,A_thaliana,GRP7,Grp7,A. thaliana Grp7,train,A.thaliana-RBG7
arabidopsis-HLP1,A_thaliana-Hlp1,A. thaliana,A_thaliana,HLP1,Hlp1,A. thaliana Hlp1,test,A.thaliana-HLP1
arabidopsis-PAB2,A_thaliana-Pab2,A. thaliana,A_thaliana,PAB2,Pab2,A. thaliana Pab2,train,A.thaliana-PAB2
arabidopsis-PAB4,A_thaliana-Pab4,A. thaliana,A_thaliana,PAB4,Pab4,A. thaliana Pab4,train,A.thaliana-PAB4
arabidopsis-PAB8,A_thaliana-Pab8,A. thaliana,A_thaliana,PAB8,Pab8,A. thaliana Pab8,train,A.thaliana-PAB8
fly-AUB,Fly-Aub,Fly,Fly,AUB,Aub,Fly Aub,train,Fly-aub
fly-CG3800,Fly-Cg3800,Fly,Fly,CG3800,Cg3800,Fly Cg3800,train,Fly-CNBP
fly-IMP,Fly-Imp,Fly,Fly,IMP,Imp,Fly Imp,train,Fly-ras
fly-ORB2B,Fly-Orb2b,Fly,Fly,ORB2B,Orb2b,Fly Orb2b,test,Fly-orb2
fly-PEP,Fly-Pep,Fly,Fly,PEP,Pep,Fly Pep,train,Fly-Pep
human-AARS,Human-AARS,Human,Human,AARS,AARS,Human AARS,train,Human-AARS1
human-AATF,Human-AATF,Human,Human,AATF,AATF,Human AATF,train,Human-AATF
human-ABCF1,Human-ABCF1,Human,Human,ABCF1,ABCF1,Human ABCF1,train,Human-ABCF1
human-AGGF1,Human-AGGF1,Human,Human,AGGF1,AGGF1,Human AGGF1,train,Human-AGGF1
human-AGO2,Human-AGO2,Human,Human,AGO2,AGO2,Human AGO2,train,Human-AGO2
human-AKAP1,Human-AKAP1,Human,Human,AKAP1,AKAP1,Human AKAP1,train,Human-AKAP1
human-AKAP8L,Human-AKAP8L,Human,Human,AKAP8L,AKAP8L,Human AKAP8L,train,Human-AKAP8L
human-ALKBH1,Human-ALKBH1,Human,Human,ALKBH1,ALKBH1,Human ALKBH1,train,Human-ALKBH1
human-ALKBH5,Human-ALKBH5,Human,Human,ALKBH5,ALKBH5,Human ALKBH5,test,Human-ALKBH5
human-ALYREF,Human-ALYREF,Human,Human,ALYREF,ALYREF,Human ALYREF,train,Human-ALYREF
human-APOBEC3C,Human-APOBEC3C,Human,Human,APOBEC3C,APOBEC3C,Human APOBEC3C,test,Human-APOBEC3C
human-AQR,Human-AQR,Human,Human,AQR,AQR,Human AQR,test,Human-AQR
human-ATXN2,Human-ATXN2,Human,Human,ATXN2,ATXN2,Human ATXN2,train,Human-ATXN2
human-BCCIP,Human-BCCIP,Human,Human,BCCIP,BCCIP,Human BCCIP,train,Human-BCCIP
human-BCLAF1,Human-BCLAF1,Human,Human,BCLAF1,BCLAF1,Human BCLAF1,test,Human-BCLAF1
human-BUD13,Human-BUD13,Human,Human,BUD13,BUD13,Human BUD13,train,Human-BUD13
human-CAPRIN1,Human-CAPRIN1,Human,Human,CAPRIN1,CAPRIN1,Human CAPRIN1,train,Human-CAPRIN1
human-CDC40,Human-CDC40,Human,Human,CDC40,CDC40,Human CDC40,train,Human-CDC40
human-CELF2,Human-CELF2,Human,Human,CELF2,CELF2,Human CELF2,train,Human-CELF2
human-CHTOP,Human-CHTOP,Human,Human,CHTOP,CHTOP,Human CHTOP,train,Human-CHTOP
human-CNBP,Human-CNBP,Human,Human,CNBP,CNBP,Human CNBP,train,Human-CNBP
human-CPEB4,Human-CPEB4,Human,Human,CPEB4,CPEB4,Human CPEB4,test,Human-CPEB4
human-CPSF1,Human-CPSF1,Human,Human,CPSF1,CPSF1,Human CPSF1,train,Human-CPSF1
human-CPSF2,Human-CPSF2,Human,Human,CPSF2,CPSF2,Human CPSF2,train,Human-CPSF2
human-CPSF3,Human-CPSF3,Human,Human,CPSF3,CPSF3,Human CPSF3,train,Human-CPSF3
human-CPSF4,Human-CPSF4,Human,Human,CPSF4,CPSF4,Human CPSF4,train,Human-CPSF4
human-CPSF6,Human-CPSF6,Human,Human,CPSF6,CPSF6,Human CPSF6,train,Human-CPSF6
human-CPSF7,Human-CPSF7,Human,Human,CPSF7,CPSF7,Human CPSF7,train,Human-CPSF7
human-CSTF2,Human-CSTF2,Human,Human,CSTF2,CSTF2,Human CSTF2,train,Human-CSTF2
human-CSTF2T,Human-CSTF2T,Human,Human,CSTF2T,CSTF2T,Human CSTF2T,train,Human-CSTF2T
human-DDX21,Human-DDX21,Human,Human,DDX21,DDX21,Human DDX21,train,Human-DDX21
human-DDX24,Human-DDX24,Human,Human,DDX24,DDX24,Human DDX24,train,Human-DDX24
human-DDX3X,Human-DDX3X,Human,Human,DDX3X,DDX3X,Human DDX3X,train,Human-DDX3X
human-DDX42,Human-DDX42,Human,Human,DDX42,DDX42,Human DDX42,train,Human-DDX42
human-DDX51,Human-DDX51,Human,Human,DDX51,DDX51,Human DDX51,train,Human-DDX51
human-DDX52,Human-DDX52,Human,Human,DDX52,DDX52,Human DDX52,train,Human-DDX52
human-DDX55,Human-DDX55,Human,Human,DDX55,DDX55,Human DDX55,train,Human-DDX55
human-DDX59,Human-DDX59,Human,Human,DDX59,DDX59,Human DDX59,train,Human-DDX59
human-DDX6,Human-DDX6,Human,Human,DDX6,DDX6,Human DDX6,train,Human-DDX6
human-DGCR8,Human-DGCR8,Human,Human,DGCR8,DGCR8,Human DGCR8,train,Human-DGCR8
human-DHX30,Human-DHX30,Human,Human,DHX30,DHX30,Human DHX30,train,Human-DHX30
human-DICER1,Human-DICER1,Human,Human,DICER1,DICER1,Human DICER1,train,Human-DICER1
human-DIS3L2,Human-DIS3L2,Human,Human,DIS3L2,DIS3L2,Human DIS3L2,train,Human-DIS3L2
human-DKC1,Human-DKC1,Human,Human,DKC1,DKC1,Human DKC1,test,Human-DKC1
human-DROSHA,Human-DROSHA,Human,Human,DROSHA,DROSHA,Human DROSHA,train,Human-DROSHA
human-EFTUD2,Human-EFTUD2,Human,Human,EFTUD2,EFTUD2,Human EFTUD2,train,Human-EFTUD2
human-EIF3A,Human-EIF3A,Human,Human,EIF3A,EIF3A,Human EIF3A,train,Human-EIF3A
human-EIF3B,Human-EIF3B,Human,Human,EIF3B,EIF3B,Human EIF3B,train,Human-EIF3B
human-EIF3D,Human-EIF3D,Human,Human,EIF3D,EIF3D,Human EIF3D,train,Human-EIF3D
human-EIF3G,Human-EIF3G,Human,Human,EIF3G,EIF3G,Human EIF3G,train,Human-EIF3G
human-EIF3H,Human-EIF3H,Human,Human,EIF3H,EIF3H,Human EIF3H,train,Human-EIF3H
human-EIF4A3,Human-EIF4A3,Human,Human,EIF4A3,EIF4A3,Human EIF4A3,train,Human-EIF4A3
human-EIF4G2,Human-EIF4G2,Human,Human,EIF4G2,EIF4G2,Human EIF4G2,train,Human-EIF4G2
human-ELAVL1,Human-ELAVL1,Human,Human,ELAVL1,ELAVL1,Human ELAVL1,train,Human-ELAVL1
human-EWSR1,Human-EWSR1,Human,Human,EWSR1,EWSR1,Human EWSR1,train,Human-EWSR1
human-EXOSC5,Human-EXOSC5,Human,Human,EXOSC5,EXOSC5,Human EXOSC5,test,Human-EXOSC5
human-EZH2,Human-EZH2,Human,Human,EZH2,EZH2,Human EZH2,train,Human-EZH2
human-FAM120A,Human-FAM120A,Human,Human,FAM120A,FAM120A,Human FAM120A,train,Human-FAM120A
human-FASTKD2,Human-FASTKD2,Human,Human,FASTKD2,FASTKD2,Human FASTKD2,train,Human-FASTKD2
human-FBL,Human-FBL,Human,Human,FBL,FBL,Human FBL,train,Human-FBL
human-FIP1L1,Human-FIP1L1,Human,Human,FIP1L1,FIP1L1,Human FIP1L1,train,Human-FIP1L1
human-FKBP4,Human-FKBP4,Human,Human,FKBP4,FKBP4,Human FKBP4,train,Human-FKBP4
human-FMR1,Human-FMR1,Human,Human,FMR1,FMR1,Human FMR1,train,Human-FMR1
human-FTO,Human-FTO,Human,Human,FTO,FTO,Human FTO,train,Human-FTO
human-FUBP3,Human-FUBP3,Human,Human,FUBP3,FUBP3,Human FUBP3,train,Human-FUBP3
human-FUS,Human-FUS,Human,Human,FUS,FUS,Human FUS,train,Human-FUS
human-FXR1,Human-FXR1,Human,Human,FXR1,FXR1,Human FXR1,train,Human-FXR1
human-FXR2,Human-FXR2,Human,Human,FXR2,FXR2,Human FXR2,train,Human-FXR2
human-G3BP1,Human-G3BP1,Human,Human,G3BP1,G3BP1,Human G3BP1,train,Human-G3BP1
human-GEMIN5,Human-GEMIN5,Human,Human,GEMIN5,GEMIN5,Human GEMIN5,train,Human-GEMIN5
human-GNL3,Human-GNL3,Human,Human,GNL3,GNL3,Human GNL3,train,Human-GNL3
human-GPKOW,Human-GPKOW,Human,Human,GPKOW,GPKOW,Human GPKOW,train,Human-GPKOW
human-GRSF1,Human-GRSF1,Human,Human,GRSF1,GRSF1,Human GRSF1,train,Human-GRSF1
human-GRWD1,Human-GRWD1,Human,Human,GRWD1,GRWD1,Human GRWD1,train,Human-GRWD1
human-GTF2F1,Human-GTF2F1,Human,Human,GTF2F1,GTF2F1,Human GTF2F1,train,Human-GTF2F1
human-HLTF,Human-HLTF,Human,Human,HLTF,HLTF,Human HLTF,train,Human-HLTF
human-HNRNPA1,Human-HNRNPA1,Human,Human,HNRNPA1,HNRNPA1,Human HNRNPA1,train,Human-HNRNPA1
human-HNRNPA2B1,Human-HNRNPA2B1,Human,Human,HNRNPA2B1,HNRNPA2B1,Human HNRNPA2B1,train,Human-HNRNPA2B1
human-HNRNPC,Human-HNRNPC,Human,Human,HNRNPC,HNRNPC,Human HNRNPC,train,Human-HNRNPC
human-HNRNPD,Human-HNRNPD,Human,Human,HNRNPD,HNRNPD,Human HNRNPD,train,Human-HNRNPD
human-HNRNPF,Human-HNRNPF,Human,Human,HNRNPF,HNRNPF,Human HNRNPF,train,Human-HNRNPF
human-HNRNPH,Human-HNRNPH,Human,Human,HNRNPH,HNRNPH,Human HNRNPH,train,Human-HNRNPH1
human-HNRNPK,Human-HNRNPK,Human,Human,HNRNPK,HNRNPK,Human HNRNPK,test,Human-HNRNPK
human-HNRNPL,Human-HNRNPL,Human,Human,HNRNPL,HNRNPL,Human HNRNPL,train,Human-HNRNPL
human-HNRNPM,Human-HNRNPM,Human,Human,HNRNPM,HNRNPM,Human HNRNPM,test,Human-HNRNPM
human-HNRNPU,Human-HNRNPU,Human,Human,HNRNPU,HNRNPU,Human HNRNPU,train,Human-HNRNPU
human-HNRNPUL1,Human-HNRNPUL1,Human,Human,HNRNPUL1,HNRNPUL1,Human HNRNPUL1,train,Human-HNRNPUL1
human-IGF2BP1,Human-IGF2BP1,Human,Human,IGF2BP1,IGF2BP1,Human IGF2BP1,train,Human-IGF2BP1
human-IGF2BP2,Human-IGF2BP2,Human,Human,IGF2BP2,IGF2BP2,Human IGF2BP2,train,Human-IGF2BP2
human-IGF2BP3,Human-IGF2BP3,Human,Human,IGF2BP3,IGF2BP3,Human IGF2BP3,train,Human-IGF2BP3
human-ILF3,Human-ILF3,Human,Human,ILF3,ILF3,Human ILF3,train,Human-ILF3
human-KHDRBS1,Human-KHDRBS1,Human,Human,KHDRBS1,KHDRBS1,Human KHDRBS1,train,Human-KHDRBS1
human-KHSRP,Human-KHSRP,Human,Human,KHSRP,KHSRP,Human KHSRP,train,Human-KHSRP
human-LARP4,Human-LARP4,Human,Human,LARP4,LARP4,Human LARP4,train,Human-LARP4
human-LARP7,Human-LARP7,Human,Human,LARP7,LARP7,Human LARP7,train,Human-LARP7
human-LIN28A,Human-LIN28A,Human,Human,LIN28A,LIN28A,Human LIN28A,train,Human-LIN28A
human-LIN28B,Human-LIN28B,Human,Human,LIN28B,LIN28B,Human LIN28B,train,Human-LIN28B
human-LSM11,Human-LSM11,Human,Human,LSM11,LSM11,Human LSM11,test,Human-LSM11
human-MATR3,Human-MATR3,Human,Human,MATR3,MATR3,Human MATR3,train,Human-MATR3
human-MBNL2,Human-MBNL2,Human,Human,MBNL2,MBNL2,Human MBNL2,train,Human-MBNL2
human-METAP2,Human-METAP2,Human,Human,METAP2,METAP2,Human METAP2,train,Human-METAP2
human-METTL14,Human-METTL14,Human,Human,METTL14,METTL14,Human METTL14,train,Human-METTL14
human-METTL3,Human-METTL3,Human,Human,METTL3,METTL3,Human METTL3,train,Human-METTL3
human-MKRN1,Human-MKRN1,Human,Human,MKRN1,MKRN1,Human MKRN1,train,Human-MKRN1
human-MOV10,Human-MOV10,Human,Human,MOV10,MOV10,Human MOV10,train,Human-MOV10
human-MTPAP,Human-MTPAP,Human,Human,MTPAP,MTPAP,Human MTPAP,train,Human-MTPAP
human-NCBP2,Human-NCBP2,Human,Human,NCBP2,NCBP2,Human NCBP2,train,Human-NCBP2
human-NCBP3,Human-NCBP3,Human,Human,NCBP3,NCBP3,Human NCBP3,train,Human-NCBP3
human-NIP7,Human-NIP7,Human,Human,NIP7,NIP7,Human NIP7,test,Human-NIP7
human-NIPBL,Human-NIPBL,Human,Human,NIPBL,NIPBL,Human NIPBL,train,Human-NIPBL
human-NKRF,Human-NKRF,Human,Human,NKRF,NKRF,Human NKRF,train,Human-NKRF
human-NOL12,Human-NOL12,Human,Human,NOL12,NOL12,Human NOL12,train,Human-NOL12
human-NOLC1,Human-NOLC1,Human,Human,NOLC1,NOLC1,Human NOLC1,train,Human-NOLC1
human-NONO,Human-NONO,Human,Human,NONO,NONO,Human NONO,train,Human-NONO
human-NOP56,Human-NOP56,Human,Human,NOP56,NOP56,Human NOP56,train,Human-NOP56
human-NOP58,Human-NOP58,Human,Human,NOP58,NOP58,Human NOP58,train,Human-NOP58
human-NPM1,Human-NPM1,Human,Human,NPM1,NPM1,Human NPM1,train,Human-NPM1
human-NSUN2,Human-NSUN2,Human,Human,NSUN2,NSUN2,Human NSUN2,train,Human-NSUN2
human-NUDT21,Human-NUDT21,Human,Human,NUDT21,NUDT21,Human NUDT21,train,Human-NUDT21
human-NXF1,Human-NXF1,Human,Human,NXF1,NXF1,Human NXF1,train,Human-NXF1
human-PABPC4,Human-PABPC4,Human,Human,PABPC4,PABPC4,Human PABPC4,train,Human-PABPC4
human-PABPN1,Human-PABPN1,Human,Human,PABPN1,PABPN1,Human PABPN1,train,Human-PABPN1
human-PCBP1,Human-PCBP1,Human,Human,PCBP1,PCBP1,Human PCBP1,train,Human-PCBP1
human-PCBP2,Human-PCBP2,Human,Human,PCBP2,PCBP2,Human PCBP2,train,Human-PCBP2
human-PHF6,Human-PHF6,Human,Human,PHF6,PHF6,Human PHF6,train,Human-PHF6
human-POLR2G,Human-POLR2G,Human,Human,POLR2G,POLR2G,Human POLR2G,train,Human-POLR2G
human-PPIG,Human-PPIG,Human,Human,PPIG,PPIG,Human PPIG,test,Human-PPIG
human-PPIL4,Human-PPIL4,Human,Human,PPIL4,PPIL4,Human PPIL4,train,Human-PPIL4
human-PRKRA,Human-PRKRA,Human,Human,PRKRA,PRKRA,Human PRKRA,train,Human-PRKRA
human-PRPF4,Human-PRPF4,Human,Human,PRPF4,PRPF4,Human PRPF4,train,Human-PRPF4
human-PRPF8,Human-PRPF8,Human,Human,PRPF8,PRPF8,Human PRPF8,train,Human-PRPF8
human-PTBP1,Human-PTBP1,Human,Human,PTBP1,PTBP1,Human PTBP1,train,Human-PTBP1
human-PUM1,Human-PUM1,Human,Human,PUM1,PUM1,Human PUM1,test,Human-PUM1
human-PUM2,Human-PUM2,Human,Human,PUM2,PUM2,Human PUM2,test,Human-PUM2
human-PUS1,Human-PUS1,Human,Human,PUS1,PUS1,Human PUS1,train,Human-PUS1
human-QKI,Human-QKI,Human,Human,QKI,QKI,Human QKI,train,Human-QKI
human-RBFOX1,Human-RBFOX1,Human,Human,RBFOX1,RBFOX1,Human RBFOX1,train,Human-RBFOX1
human-RBFOX2,Human-RBFOX2,Human,Human,RBFOX2,RBFOX2,Human RBFOX2,train,Human-RBFOX2
human-RBM10,Human-RBM10,Human,Human,RBM10,RBM10,Human RBM10,train,Human-RBM10
human-RBM15,Human-RBM15,Human,Human,RBM15,RBM15,Human RBM15,train,Human-RBM15
human-RBM15B,Human-RBM15B,Human,Human,RBM15B,RBM15B,Human RBM15B,train,Human-RBM15B
human-RBM22,Human-RBM22,Human,Human,RBM22,RBM22,Human RBM22,train,Human-RBM22
human-RBM47,Human-RBM47,Human,Human,RBM47,RBM47,Human RBM47,train,Human-RBM47
human-RBM5,Human-RBM5,Human,Human,RBM5,RBM5,Human RBM5,train,Human-RBM5
human-RBPMS,Human-RBPMS,Human,Human,RBPMS,RBPMS,Human RBPMS,train,Human-RBPMS
human-RPS11,Human-RPS11,Human,Human,RPS11,RPS11,Human RPS11,train,Human-RPS11
human-RPS3,Human-RPS3,Human,Human,RPS3,RPS3,Human RPS3,train,Human-RPS3
human-RTCB,Human-RTCB,Human,Human,RTCB,RTCB,Human RTCB,train,Human-RTCB
human-SAFB,Human-SAFB,Human,Human,SAFB,SAFB,Human SAFB,train,Human-SAFB
human-SAFB2,Human-SAFB2,Human,Human,SAFB2,SAFB2,Human SAFB2,train,Human-SAFB2
human-SBDS,Human-SBDS,Human,Human,SBDS,SBDS,Human SBDS,train,Human-SBDS
human-SDAD1,Human-SDAD1,Human,Human,SDAD1,SDAD1,Human SDAD1,train,Human-SDAD1
human-SERBP1,Human-SERBP1,Human,Human,SERBP1,SERBP1,Human SERBP1,test,Human-SERBP1
human-SF3A3,Human-SF3A3,Human,Human,SF3A3,SF3A3,Human SF3A3,train,Human-SF3A3
human-SF3B1,Human-SF3B1,Human,Human,SF3B1,SF3B1,Human SF3B1,train,Human-SF3B1
human-SF3B4,Human-SF3B4,Human,Human,SF3B4,SF3B4,Human SF3B4,train,Human-SF3B4
human-SFPQ,Human-SFPQ,Human,Human,SFPQ,SFPQ,Human SFPQ,train,Human-SFPQ
human-SLBP,Human-SLBP,Human,Human,SLBP,SLBP,Human SLBP,train,Human-SLBP
human-SLTM,Human-SLTM,Human,Human,SLTM,SLTM,Human SLTM,test,Human-SLTM
human-SMN,Human-SMN,Human,Human,SMN,SMN,Human SMN,train,Human-SNRPN
human-SMNDC1,Human-SMNDC1,Human,Human,SMNDC1,SMNDC1,Human SMNDC1,train,Human-SMNDC1
human-SND1,Human-SND1,Human,Human,SND1,SND1,Human SND1,train,Human-SND1
human-SRRM4,Human-SRRM4,Human,Human,SRRM4,SRRM4,Human SRRM4,train,Human-SRRM4
human-SRSF1,Human-SRSF1,Human,Human,SRSF1,SRSF1,Human SRSF1,train,Human-SRSF1
human-SRSF10,Human-SRSF10,Human,Human,SRSF10,SRSF10,Human SRSF10,train,Human-SRSF10
human-SRSF3,Human-SRSF3,Human,Human,SRSF3,SRSF3,Human SRSF3,train,Human-SRSF3
human-SRSF7,Human-SRSF7,Human,Human,SRSF7,SRSF7,Human SRSF7,train,Human-SRSF7
human-SRSF9,Human-SRSF9,Human,Human,SRSF9,SRSF9,Human SRSF9,train,Human-SRSF9
human-SSB,Human-SSB,Human,Human,SSB,SSB,Human SSB,train,Human-SSB
human-STAU1,Human-STAU1,Human,Human,STAU1,STAU1,Human STAU1,train,Human-STAU1
human-STAU2,Human-STAU2,Human,Human,STAU2,STAU2,Human STAU2,train,Human-STAU2
human-SUB1,Human-SUB1,Human,Human,SUB1,SUB1,Human SUB1,train,Human-SUB1
human-SUGP2,Human-SUGP2,Human,Human,SUGP2,SUGP2,Human SUGP2,train,Human-SUGP2
human-SUPV3L1,Human-SUPV3L1,Human,Human,SUPV3L1,SUPV3L1,Human SUPV3L1,train,Human-SUPV3L1
human-TAF15,Human-TAF15,Human,Human,TAF15,TAF15,Human TAF15,train,Human-TAF15
human-TARBP2,Human-TARBP2,Human,Human,TARBP2,TARBP2,Human TARBP2,train,Human-TARBP2
human-TARDBP,Human-TARDBP,Human,Human,TARDBP,TARDBP,Human TARDBP,train,Human-TARDBP
human-TBRG4,Human-TBRG4,Human,Human,TBRG4,TBRG4,Human TBRG4,train,Human-TBRG4
human-TIA1,Human-TIA1,Human,Human,TIA1,TIA1,Human TIA1,train,Human-TIA1
human-TIAL1,Human-TIAL1,Human,Human,TIAL1,TIAL1,Human TIAL1,train,Human-TIAL1
human-TNRC6A,Human-TNRC6A,Human,Human,TNRC6A,TNRC6A,Human TNRC6A,train,Human-TNRC6A
human-TNRC6B,Human-TNRC6B,Human,Human,TNRC6B,TNRC6B,Human TNRC6B,train,Human-TNRC6B
human-TNRC6C,Human-TNRC6C,Human,Human,TNRC6C,TNRC6C,Human TNRC6C,train,Human-TNRC6C
human-TRA2A,Human-TRA2A,Human,Human,TRA2A,TRA2A,Human TRA2A,train,Human-TRA2A
human-TROVE2,Human-TROVE2,Human,Human,TROVE2,TROVE2,Human TROVE2,train,Human-RO60
human-U2AF1,Human-U2AF1,Human,Human,U2AF1,U2AF1,Human U2AF1,test,Human-U2AF1
human-U2AF2,Human-U2AF2,Human,Human,U2AF2,U2AF2,Human U2AF2,train,Human-U2AF2
human-UCHL5,Human-UCHL5,Human,Human,UCHL5,UCHL5,Human UCHL5,train,Human-UCHL5
human-UNR,Human-UNR,Human,Human,UNR,UNR,Human UNR,train,Human-CSDE1
human-UPF1,Human-UPF1,Human,Human,UPF1,UPF1,Human UPF1,train,Human-UPF1
human-UTP18,Human-UTP18,Human,Human,UTP18,UTP18,Human UTP18,train,Human-UTP18
human-UTP3,Human-UTP3,Human,Human,UTP3,UTP3,Human UTP3,train,Human-UTP3
human-WDR3,Human-WDR3,Human,Human,WDR3,WDR3,Human WDR3,train,Human-WDR3
human-WDR33,Human-WDR33,Human,Human,WDR33,WDR33,Human WDR33,train,Human-WDR33
human-WDR43,Human-WDR43,Human,Human,WDR43,WDR43,Human WDR43,train,Human-WDR43
human-WRN,Human-WRN,Human,Human,WRN,WRN,Human WRN,train,Human-WRN
human-WTAP,Human-WTAP,Human,Human,WTAP,WTAP,Human WTAP,train,Human-WTAP
human-XPO5,Human-XPO5,Human,Human,XPO5,XPO5,Human XPO5,train,Human-XPO5
human-XRCC6,Human-XRCC6,Human,Human,XRCC6,XRCC6,Human XRCC6,train,Human-XRCC6
human-XRN2,Human-XRN2,Human,Human,XRN2,XRN2,Human XRN2,train,Human-XRN2
human-YBX3,Human-YBX3,Human,Human,YBX3,YBX3,Human YBX3,train,Human-YBX3
human-YTHDC1,Human-YTHDC1,Human,Human,YTHDC1,YTHDC1,Human YTHDC1,train,Human-YTHDC1
human-YTHDC2,Human-YTHDC2,Human,Human,YTHDC2,YTHDC2,Human YTHDC2,train,Human-YTHDC2
human-YTHDF1,Human-YTHDF1,Human,Human,YTHDF1,YTHDF1,Human YTHDF1,train,Human-YTHDF1
human-YTHDF2,Human-YTHDF2,Human,Human,YTHDF2,YTHDF2,Human YTHDF2,train,Human-YTHDF2
human-YTHDF3,Human-YTHDF3,Human,Human,YTHDF3,YTHDF3,Human YTHDF3,train,Human-YTHDF3
human-YWHAG,Human-YWHAG,Human,Human,YWHAG,YWHAG,Human YWHAG,train,Human-YWHAG
human-ZC3H11A,Human-ZC3H11A,Human,Human,ZC3H11A,ZC3H11A,Human ZC3H11A,train,Human-ZC3H11A
human-ZC3H7B,Human-ZC3H7B,Human,Human,ZC3H7B,ZC3H7B,Human ZC3H7B,train,Human-ZC3H7B
human-ZC3H8,Human-ZC3H8,Human,Human,ZC3H8,ZC3H8,Human ZC3H8,train,Human-ZC3H8
human-ZNF622,Human-ZNF622,Human,Human,ZNF622,ZNF622,Human ZNF622,train,Human-ZNF622
human-ZNF800,Human-ZNF800,Human,Human,ZNF800,ZNF800,Human ZNF800,train,Human-ZNF800
human-ZRANB2,Human-ZRANB2,Human,Human,ZRANB2,ZRANB2,Human ZRANB2,train,Human-ZRANB2
mouse-AGO2,Mouse-AGO2,Mouse,Mouse,AGO2,AGO2,Mouse AGO2,train,Mouse-Ago2
mouse-APC,Mouse-APC,Mouse,Mouse,APC,APC,Mouse APC,test,Mouse-Apc
mouse-CELF1,Mouse-CELF1,Mouse,Mouse,CELF1,CELF1,Mouse CELF1,train,Mouse-Celf1
mouse-CELF2,Mouse-CELF2,Mouse,Mouse,CELF2,CELF2,Mouse CELF2,train,Mouse-Celf2
mouse-CELF4,Mouse-CELF4,Mouse,Mouse,CELF4,CELF4,Mouse CELF4,train,Mouse-Celf4
mouse-CIRBP,Mouse-CIRBP,Mouse,Mouse,CIRBP,CIRBP,Mouse CIRBP,train,Mouse-Cirbp
mouse-CPSF6,Mouse-CPSF6,Mouse,Mouse,CPSF6,CPSF6,Mouse CPSF6,train,Mouse-Cpsf6
mouse-CREBBP,Mouse-CREBBP,Mouse,Mouse,CREBBP,CREBBP,Mouse CREBBP,train,Mouse-Crebbp
mouse-ELAVL1,Mouse-ELAVL1,Mouse,Mouse,ELAVL1,ELAVL1,Mouse ELAVL1,train,Mouse-Elavl1
mouse-EZH2,Mouse-EZH2,Mouse,Mouse,EZH2,EZH2,Mouse EZH2,train,Mouse-Ezh2
mouse-FAM120A,Mouse-FAM120A,Mouse,Mouse,FAM120A,FAM120A,Mouse FAM120A,train,Mouse-FAM120A
mouse-FMR1,Mouse-FMR1,Mouse,Mouse,FMR1,FMR1,Mouse FMR1,train,Mouse-Fmr1
mouse-FUS,Mouse-FUS,Mouse,Mouse,FUS,FUS,Mouse FUS,train,Mouse-Fus
mouse-HNRNPR,Mouse-HNRNPR,Mouse,Mouse,HNRNPR,HNRNPR,Mouse HNRNPR,train,Mouse-Hnrnpr
mouse-LIN28A,Mouse-LIN28A,Mouse,Mouse,LIN28A,LIN28A,Mouse LIN28A,train,Mouse-Lin28a
mouse-MBNL1,Mouse-MBNL1,Mouse,Mouse,MBNL1,MBNL1,Mouse MBNL1,train,Mouse-Mbnl1
mouse-MBNL2,Mouse-MBNL2,Mouse,Mouse,MBNL2,MBNL2,Mouse MBNL2,train,Mouse-Mbnl2
mouse-MBNL3,Mouse-MBNL3,Mouse,Mouse,MBNL3,MBNL3,Mouse MBNL3,train,Mouse-Mbnl3
mouse-MSI2,Mouse-MSI2,Mouse,Mouse,MSI2,MSI2,Mouse MSI2,test,Mouse-Msi2
mouse-NOVA1,Mouse-NOVA1,Mouse,Mouse,NOVA1,NOVA1,Mouse NOVA1,train,Mouse-Nova1
mouse-NOVA2,Mouse-NOVA2,Mouse,Mouse,NOVA2,NOVA2,Mouse NOVA2,train,Mouse-Nova2
mouse-PABPC1,Mouse-PABPC1,Mouse,Mouse,PABPC1,PABPC1,Mouse PABPC1,train,Mouse-Pabpc1
mouse-POU5F1,Mouse-POU5F1,Mouse,Mouse,POU5F1,POU5F1,Mouse POU5F1,test,Mouse-Pou5f1
mouse-PTBP1,Mouse-PTBP1,Mouse,Mouse,PTBP1,PTBP1,Mouse PTBP1,train,Mouse-Ptbp1
mouse-PTBP2,Mouse-PTBP2,Mouse,Mouse,PTBP2,PTBP2,Mouse PTBP2,train,Mouse-Ptbp2
mouse-RBFOX1,Mouse-RBFOX1,Mouse,Mouse,RBFOX1,RBFOX1,Mouse RBFOX1,train,Mouse-Rbfox1
mouse-RBFOX2,Mouse-RBFOX2,Mouse,Mouse,RBFOX2,RBFOX2,Mouse RBFOX2,train,Mouse-Rbfox2
mouse-RBFOX3,Mouse-RBFOX3,Mouse,Mouse,RBFOX3,RBFOX3,Mouse RBFOX3,train,Mouse-Rbfox3
mouse-RBM10,Mouse-RBM10,Mouse,Mouse,RBM10,RBM10,Mouse RBM10,train,Mouse-Rbm10
mouse-RBM3,Mouse-RBM3,Mouse,Mouse,RBM3,RBM3,Mouse RBM3,train,Mouse-Rbm3
mouse-SRRM4,Mouse-SRRM4,Mouse,Mouse,SRRM4,SRRM4,Mouse SRRM4,train,Mouse-Srrm4
mouse-SRSF1,Mouse-SRSF1,Mouse,Mouse,SRSF1,SRSF1,Mouse SRSF1,train,Mouse-Srsf1
mouse-SRSF2,Mouse-SRSF2,Mouse,Mouse,SRSF2,SRSF2,Mouse SRSF2,test,Mouse-Srsf2
mouse-SRSF3,Mouse-SRSF3,Mouse,Mouse,SRSF3,SRSF3,Mouse SRSF3,train,Mouse-Srsf3
mouse-SRSF4,Mouse-SRSF4,Mouse,Mouse,SRSF4,SRSF4,Mouse SRSF4,train,Mouse-Srsf4
mouse-SRSF7,Mouse-SRSF7,Mouse,Mouse,SRSF7,SRSF7,Mouse SRSF7,train,Mouse-Srsf7
mouse-TAF15,Mouse-TAF15,Mouse,Mouse,TAF15,TAF15,Mouse TAF15,train,Mouse-Taf15
mouse-TARDBP,Mouse-TARDBP,Mouse,Mouse,TARDBP,TARDBP,Mouse TARDBP,train,Mouse-Tardbp
mouse-U2AF2,Mouse-U2AF2,Mouse,Mouse,U2AF2,U2AF2,Mouse U2AF2,train,Mouse-U2af2
mouse-UPF1,Mouse-UPF1,Mouse,Mouse,UPF1,UPF1,Mouse UPF1,train,Mouse-Upf1
mouse-YTHDC2,Mouse-YTHDC2,Mouse,Mouse,YTHDC2,YTHDC2,Mouse YTHDC2,train,Mouse-Ythdc2
mouse-YY1,Mouse-YY1,Mouse,Mouse,YY1,YY1,Mouse YY1,test,Mouse-Yy1
mouse-ZFP36,Mouse-ZFP36,Mouse,Mouse,ZFP36,ZFP36,Mouse ZFP36,train,Mouse-Zfp36
worm-DCR-1,Worm-DCR-1,Worm,Worm,DCR-1,DCR-1,Worm DCR-1,train,Worm-dcr-1
worm-FBF-1,Worm-FBF-1,Worm,Worm,FBF-1,FBF-1,Worm FBF-1,train,Worm-fbf-1
worm-FBF-2,Worm-FBF-2,Worm,Worm,FBF-2,FBF-2,Worm FBF-2,train,Worm-fbf-2
worm-GLD-1,Worm-GLD-1,Worm,Worm,GLD-1,GLD-1,Worm GLD-1,test,Worm-gld-1
worm-UNC-75,Worm-UNC-75,Worm,Worm,UNC-75,UNC-75,Worm UNC-75,train,Worm-unc-75
yeast-BUR2,Yeast-Bur2,Yeast,Yeast,BUR2,Bur2,Yeast Bur2,train,Yeast-BUR2
yeast-CBC2,Yeast-Cbc2,Yeast,Yeast,CBC2,Cbc2,Yeast Cbc2,train,Yeast-CBC2
yeast-CDC73,Yeast-Cdc73,Yeast,Yeast,CDC73,Cdc73,Yeast Cdc73,train,Yeast-CDC73
yeast-CDC731,Yeast-Cdc731,Yeast,Yeast,CDC731,Cdc731,Yeast Cdc731,train,Yeast-CDC73_1
yeast-CFT2,Yeast-Cft2,Yeast,Yeast,CFT2,Cft2,Yeast Cft2,train,Yeast-CFT2
yeast-CTK1,Yeast-Ctk1,Yeast,Yeast,CTK1,Ctk1,Yeast Ctk1,train,Yeast-CTK1
yeast-CTK2,Yeast-Ctk2,Yeast,Yeast,CTK2,Ctk2,Yeast Ctk2,train,Yeast-CTK2
yeast-CTR9,Yeast-Ctr9,Yeast,Yeast,CTR9,Ctr9,Yeast Ctr9,train,Yeast-CTR9
yeast-DHH1,Yeast-Dhh1,Yeast,Yeast,DHH1,Dhh1,Yeast Dhh1,train,Yeast-DHH1
yeast-DOT1,Yeast-Dot1,Yeast,Yeast,DOT1,Dot1,Yeast Dot1,train,Yeast-DOT1
yeast-ENO1,Yeast-Eno1,Yeast,Yeast,ENO1,Eno1,Yeast Eno1,train,Yeast-ENO1
yeast-FBA1,Yeast-Fba1,Yeast,Yeast,FBA1,Fba1,Yeast Fba1,train,Yeast-FBA1
yeast-GBP2,Yeast-Gbp2,Yeast,Yeast,GBP2,Gbp2,Yeast Gbp2,train,Yeast-GBP2
yeast-HEK2,Yeast-Hek2,Yeast,Yeast,HEK2,Hek2,Yeast Hek2,train,Yeast-HEK2
yeast-HPR1,Yeast-Hpr1,Yeast,Yeast,HPR1,Hpr1,Yeast Hpr1,train,Yeast-HPR1
yeast-HRB1,Yeast-Hrb1,Yeast,Yeast,HRB1,Hrb1,Yeast Hrb1,train,Yeast-HRB1
yeast-HRP1,Yeast-Hrp1,Yeast,Yeast,HRP1,Hrp1,Yeast Hrp1,train,Yeast-HRP1
yeast-IST3,Yeast-Ist3,Yeast,Yeast,IST3,Ist3,Yeast Ist3,train,Yeast-IST3
yeast-LEO1,Yeast-Leo1,Yeast,Yeast,LEO1,Leo1,Yeast Leo1,test,Yeast-LEO1
yeast-LSM1,Yeast-Lsm1,Yeast,Yeast,LSM1,Lsm1,Yeast Lsm1,train,Yeast-LSM1
yeast-LUC7,Yeast-Luc7,Yeast,Yeast,LUC7,Luc7,Yeast Luc7,train,Yeast-LUC7
yeast-MEX67,Yeast-Mex67,Yeast,Yeast,MEX67,Mex67,Yeast Mex67,train,Yeast-MEX67
yeast-MPE1,Yeast-Mpe1,Yeast,Yeast,MPE1,Mpe1,Yeast Mpe1,train,Yeast-MPE1
yeast-MSL5,Yeast-Msl5,Yeast,Yeast,MSL5,Msl5,Yeast Msl5,test,Yeast-MSL5
yeast-MTR4,Yeast-Mtr4,Yeast,Yeast,MTR4,Mtr4,Yeast Mtr4,train,Yeast-MTR4
yeast-MUD1,Yeast-Mud1,Yeast,Yeast,MUD1,Mud1,Yeast Mud1,train,Yeast-MUD1
yeast-MUD2,Yeast-Mud2,Yeast,Yeast,MUD2,Mud2,Yeast Mud2,train,Yeast-MUD2
yeast-NAB2,Yeast-Nab2,Yeast,Yeast,NAB2,Nab2,Yeast Nab2,test,Yeast-NAB2
yeast-NAB3,Yeast-Nab3,Yeast,Yeast,NAB3,Nab3,Yeast Nab3,train,Yeast-NAB3
yeast-NAM8,Yeast-Nam8,Yeast,Yeast,NAM8,Nam8,Yeast Nam8,train,Yeast-NAM8
yeast-NPL3,Yeast-Npl3,Yeast,Yeast,NPL3,Npl3,Yeast Npl3,test,Yeast-NPL3
yeast-NRD1,Yeast-Nrd1,Yeast,Yeast,NRD1,Nrd1,Yeast Nrd1,train,Yeast-NRD1
yeast-PAB1,Yeast-Pab1,Yeast,Yeast,PAB1,Pab1,Yeast Pab1,train,Yeast-PAB1
yeast-PAF1,Yeast-Paf1,Yeast,Yeast,PAF1,Paf1,Yeast Paf1,test,Yeast-PAF1
yeast-PAP2,Yeast-Pap2,Yeast,Yeast,PAP2,Pap2,Yeast Pap2,train,Yeast-PAP2
yeast-PAT1,Yeast-Pat1,Yeast,Yeast,PAT1,Pat1,Yeast Pat1,train,Yeast-PAT1
yeast-PCF11,Yeast-Pcf11,Yeast,Yeast,PCF11,Pcf11,Yeast Pcf11,train,Yeast-PCF11
yeast-PFK2,Yeast-Pfk2,Yeast,Yeast,PFK2,Pfk2,Yeast Pfk2,train,Yeast-PFK2
yeast-PUB1,Yeast-Pub1,Yeast,Yeast,PUB1,Pub1,Yeast Pub1,train,Yeast-PUB1
yeast-PUF5,Yeast-Puf5,Yeast,Yeast,PUF5,Puf5,Yeast Puf5,train,Yeast-MPT5
yeast-RAI1,Yeast-Rai1,Yeast,Yeast,RAI1,Rai1,Yeast Rai1,train,Yeast-RAI1
yeast-RAT1,Yeast-Rat1,Yeast,Yeast,RAT1,Rat1,Yeast Rat1,train,Yeast-RAT1
yeast-RNA15,Yeast-Rna15,Yeast,Yeast,RNA15,Rna15,Yeast Rna15,train,Yeast-RNA15
yeast-RPB2,Yeast-Rpb2,Yeast,Yeast,RPB2,Rpb2,Yeast Rpb2,train,Yeast-RPB2
yeast-RPO21,Yeast-Rpo21,Yeast,Yeast,RPO21,Rpo21,Yeast Rpo21,test,Yeast-RPO21
yeast-RTF1,Yeast-Rtf1,Yeast,Yeast,RTF1,Rtf1,Yeast Rtf1,test,Yeast-RTF1
yeast-RTT103,Yeast-Rtt103,Yeast,Yeast,RTT103,Rtt103,Yeast Rtt103,train,Yeast-RTT103
yeast-SBP1,Yeast-Sbp1,Yeast,Yeast,SBP1,Sbp1,Yeast Sbp1,train,Yeast-SBP1
yeast-SEN1,Yeast-Sen1,Yeast,Yeast,SEN1,Sen1,Yeast Sen1,train,Yeast-SEN1
yeast-SET1,Yeast-Set1,Yeast,Yeast,SET1,Set1,Yeast Set1,train,Yeast-SET1
yeast-SET2,Yeast-Set2,Yeast,Yeast,SET2,Set2,Yeast Set2,train,Yeast-SET2
yeast-SGV1,Yeast-Sgv1,Yeast,Yeast,SGV1,Sgv1,Yeast Sgv1,train,Yeast-SGV1
yeast-SKI2,Yeast-Ski2,Yeast,Yeast,SKI2,Ski2,Yeast Ski2,train,Yeast-SKI2
yeast-SNP1,Yeast-Snp1,Yeast,Yeast,SNP1,Snp1,Yeast Snp1,train,Yeast-SNP1
yeast-SPT5,Yeast-Spt5,Yeast,Yeast,SPT5,Spt5,Yeast Spt5,train,Yeast-SPT5
yeast-SPT6,Yeast-Spt6,Yeast,Yeast,SPT6,Spt6,Yeast Spt6,test,Yeast-SPT6
yeast-STO1,Yeast-Sto1,Yeast,Yeast,STO1,Sto1,Yeast Sto1,train,Yeast-STO1
yeast-SUA7,Yeast-Sua7,Yeast,Yeast,SUA7,Sua7,Yeast Sua7,train,Yeast-SUA7
yeast-SUB2,Yeast-Sub2,Yeast,Yeast,SUB2,Sub2,Yeast Sub2,train,Yeast-SUB2
yeast-SWD2,Yeast-Swd2,Yeast,Yeast,SWD2,Swd2,Yeast Swd2,train,Yeast-SWD2
yeast-THO2,Yeast-Tho2,Yeast,Yeast,THO2,Tho2,Yeast Tho2,train,Yeast-THO2
yeast-TIF1,Yeast-Tif1,Yeast,Yeast,TIF1,Tif1,Yeast Tif1,train,Yeast-TIF1
yeast-XRN1,Yeast-Xrn1,Yeast,Yeast,XRN1,Xrn1,Yeast Xrn1,train,Yeast-XRN1
yeast-YRA1,Yeast-Yra1,Yeast,Yeast,YRA1,Yra1,Yeast Yra1,train,Yeast-YRA1
yeast-YTH1,Yeast-Yth1,Yeast,Yeast,YTH1,Yth1,Yeast Yth1,train,Yeast-YTH1
zebrafish-HNRNPA1,Zebrafish-HNRNPA1,Zebrafish,Zebrafish,HNRNPA1,HNRNPA1,Zebrafish HNRNPA1,train,Zebrafish-hnrnpa1b
